"DESCRIPTION","DURATION IN MS","NAME","PARENT SUITE","START TIME","STATUS","STOP TIME","SUB SUITE","SUITE","TEST CLASS","TEST METHOD"
"","1124","sorting by price low to high orders the catalogue","firefox","2026-10-05","passed","2026-10-05","Cart","ui/cart.spec.ts","",""
"","1351","adding several products keeps all of them","firefox","2026-10-05","passed","2026-10-05","Cart","ui/cart.spec.ts","",""
"","2424","logging out ends the session","firefox","2026-10-05","passed","2026-10-05","Login","ui/login.spec.ts","",""
"","1472","the order total is subtotal plus tax","firefox","2026-10-05","passed","2026-10-05","Checkout","ui/checkout.spec.ts","",""
"","796","wrong password shows an error","mobile","2026-10-05","passed","2026-10-05","Login","ui/login.spec.ts","",""
"","1616","the cart is emptied after a completed order","firefox","2026-10-05","passed","2026-10-05","Checkout","ui/checkout.spec.ts","",""
"","547","wrong password shows an error","chromium","2026-10-05","passed","2026-10-05","Login","ui/login.spec.ts","",""
"","2064","adding a product updates the badge and the cart","mobile","2026-10-05","passed","2026-10-05","Cart","ui/cart.spec.ts","",""
"","760","removing from the inventory page empties the cart","chromium","2026-10-05","passed","2026-10-05","Cart","ui/cart.spec.ts","",""
"","1459","a customer can complete a purchase end to end","firefox","2026-10-05","passed","2026-10-05","Checkout","ui/checkout.spec.ts","",""
"","1381","the cart survives navigating away and back","mobile","2026-10-05","passed","2026-10-05","Cart","ui/cart.spec.ts","",""
"","687","sorting by price high to low orders the catalogue","chromium","2026-10-05","passed","2026-10-05","Cart","ui/cart.spec.ts","",""
"","740","the cart survives navigating away and back","chromium","2026-10-05","passed","2026-10-05","Cart","ui/cart.spec.ts","",""
"","2623","error message does not reveal whether the account exists","firefox","2026-10-05","passed","2026-10-05","Login","ui/login.spec.ts","",""
"","561","empty password shows an error","chromium","2026-10-05","passed","2026-10-05","Login","ui/login.spec.ts","",""
"","1066","error message does not reveal whether the account exists","mobile","2026-10-05","passed","2026-10-05","Login","ui/login.spec.ts","",""
"","20","GET a non-existent booking returns 404","api","2026-10-05","passed","2026-10-05","Booking API","api/booking.spec.ts","",""
"","31","PUT updates a booking when authenticated","api","2026-10-05","passed","2026-10-05","Booking API","api/booking.spec.ts","",""
"","94","valid credentials return a token","api","2026-10-05","passed","2026-10-05","Auth API","api/auth.spec.ts","",""
"","523","protected page cannot be reached without a session","chromium","2026-10-05","passed","2026-10-05","Login","ui/login.spec.ts","",""
"","1417","checkout requires a first name","firefox","2026-10-05","passed","2026-10-05","Checkout","ui/checkout.spec.ts","",""
"","1304","the cart survives navigating away and back","firefox","2026-10-05","passed","2026-10-05","Cart","ui/cart.spec.ts","",""
"","1155","sorting by price high to low orders the catalogue","firefox","2026-10-05","passed","2026-10-05","Cart","ui/cart.spec.ts","",""
"","677","sorting by price low to high orders the catalogue","chromium","2026-10-05","passed","2026-10-05","Cart","ui/cart.spec.ts","",""
"","608","empty username shows an error","chromium","2026-10-05","passed","2026-10-05","Login","ui/login.spec.ts","",""
"","1273","removing from the cart page updates the badge","mobile","2026-10-05","passed","2026-10-05","Cart","ui/cart.spec.ts","",""
"","823","removing from the cart page updates the badge","chromium","2026-10-05","passed","2026-10-05","Cart","ui/cart.spec.ts","",""
"","25","GET /booking returns 200 and a list of ids","api","2026-10-05","passed","2026-10-05","Booking API","api/booking.spec.ts","",""
"","1493","checkout requires a first name","mobile","2026-10-05","passed","2026-10-05","Checkout","ui/checkout.spec.ts","",""
"","818","protected page cannot be reached without a session","mobile","2026-10-05","passed","2026-10-05","Login","ui/login.spec.ts","",""
"","17","DELETE without a token returns 403","api","2026-10-05","passed","2026-10-05","Booking API","api/booking.spec.ts","",""
"","828","checkout requires a first name","chromium","2026-10-05","passed","2026-10-05","Checkout","ui/checkout.spec.ts","",""
"","1035","sorting by price low to high orders the catalogue","mobile","2026-10-05","passed","2026-10-05","Cart","ui/cart.spec.ts","",""
"","1890","logging out ends the session","mobile","2026-10-05","passed","2026-10-05","Login","ui/login.spec.ts","",""
"","1008","the cart starts empty","chromium","2026-10-05","passed","2026-10-05","Cart","ui/cart.spec.ts","",""
"","961","empty username shows an error","firefox","2026-10-05","passed","2026-10-05","Login","ui/login.spec.ts","",""
"","584","locked out user cannot log in","chromium","2026-10-05","passed","2026-10-05","Login","ui/login.spec.ts","",""
"","787","checkout requires a last name","chromium","2026-10-05","passed","2026-10-05","Checkout","ui/checkout.spec.ts","",""
"","1385","removing from the cart page updates the badge","firefox","2026-10-05","passed","2026-10-05","Cart","ui/cart.spec.ts","",""
"","923","a customer can complete a purchase end to end","chromium","2026-10-05","passed","2026-10-05","Checkout","ui/checkout.spec.ts","",""
"","777","locked out user cannot log in","mobile","2026-10-05","passed","2026-10-05","Login","ui/login.spec.ts","",""
"","29","invalid credentials do not return a token","api","2026-10-05","passed","2026-10-05","Auth API","api/auth.spec.ts","",""
"","758","empty password shows an error","mobile","2026-10-05","passed","2026-10-05","Login","ui/login.spec.ts","",""
"","1544","logging out ends the session","chromium","2026-10-05","passed","2026-10-05","Login","ui/login.spec.ts","",""
"","860","adding several products keeps all of them","chromium","2026-10-05","passed","2026-10-05","Cart","ui/cart.spec.ts","",""
"","1580","the cart is emptied after a completed order","mobile","2026-10-05","passed","2026-10-05","Checkout","ui/checkout.spec.ts","",""
"","1511","checkout requires a postal code","firefox","2026-10-05","passed","2026-10-05","Checkout","ui/checkout.spec.ts","",""
"","922","empty password shows an error","firefox","2026-10-05","passed","2026-10-05","Login","ui/login.spec.ts","",""
"","692","error message does not reveal whether the account exists","chromium","2026-10-05","passed","2026-10-05","Login","ui/login.spec.ts","",""
"","1502","checkout requires a last name","firefox","2026-10-05","passed","2026-10-05","Checkout","ui/checkout.spec.ts","",""
"","1177","sorting by price high to low orders the catalogue","mobile","2026-10-05","passed","2026-10-05","Cart","ui/cart.spec.ts","",""
"","1293","protected page cannot be reached without a session","firefox","2026-10-05","passed","2026-10-05","Login","ui/login.spec.ts","",""
"","1079","wrong password shows an error","firefox","2026-10-05","passed","2026-10-05","Login","ui/login.spec.ts","",""
"","1336","removing from the inventory page empties the cart","mobile","2026-10-05","passed","2026-10-05","Cart","ui/cart.spec.ts","",""
"","35","the failure response does not leak whether the user exists","api","2026-10-05","passed","2026-10-05","Auth API","api/auth.spec.ts","",""
"","1390","checkout requires a last name","mobile","2026-10-05","passed","2026-10-05","Checkout","ui/checkout.spec.ts","",""
"","28","DELETE removes a booking when authenticated","api","2026-10-05","passed","2026-10-05","Booking API","api/booking.spec.ts","",""
"","1138","valid credentials log the user in","firefox","2026-10-05","passed","2026-10-05","Login","ui/login.spec.ts","",""
"","617","valid credentials log the user in","chromium","2026-10-05","passed","2026-10-05","Login","ui/login.spec.ts","",""
"","1506","the cart starts empty","mobile","2026-10-05","passed","2026-10-05","Cart","ui/cart.spec.ts","",""
"","1267","removing from the inventory page empties the cart","firefox","2026-10-05","passed","2026-10-05","Cart","ui/cart.spec.ts","",""
"","1495","adding several products keeps all of them","mobile","2026-10-05","passed","2026-10-05","Cart","ui/cart.spec.ts","",""
"","839","checkout requires a postal code","chromium","2026-10-05","passed","2026-10-05","Checkout","ui/checkout.spec.ts","",""
"","18","GET /booking filters by name","api","2026-10-05","passed","2026-10-05","Booking API","api/booking.spec.ts","",""
"","884","empty username shows an error","mobile","2026-10-05","passed","2026-10-05","Login","ui/login.spec.ts","",""
"","1554","the order total is subtotal plus tax","mobile","2026-10-05","passed","2026-10-05","Checkout","ui/checkout.spec.ts","",""
"","107","the service is up","api","2026-10-05","passed","2026-10-05","Auth API","api/auth.spec.ts","",""
"","2231","locked out user cannot log in","firefox","2026-10-05","passed","2026-10-05","Login","ui/login.spec.ts","",""
"","949","the cart is emptied after a completed order","chromium","2026-10-05","passed","2026-10-05","Checkout","ui/checkout.spec.ts","",""
"","22","POST /booking creates a booking and echoes the payload back","api","2026-10-05","passed","2026-10-05","Booking API","api/booking.spec.ts","",""
"","1388","checkout requires a postal code","mobile","2026-10-05","passed","2026-10-05","Checkout","ui/checkout.spec.ts","",""
"","28","a created booking can be read back","api","2026-10-05","passed","2026-10-05","Booking API","api/booking.spec.ts","",""
"","2601","adding a product updates the badge and the cart","firefox","2026-10-05","passed","2026-10-05","Cart","ui/cart.spec.ts","",""
"","23","DELETE with a forged token returns 403","api","2026-10-05","passed","2026-10-05","Booking API","api/booking.spec.ts","",""
"","1079","adding a product updates the badge and the cart","chromium","2026-10-05","passed","2026-10-05","Cart","ui/cart.spec.ts","",""
"","11","POST with a missing required field is rejected","api","2026-10-05","passed","2026-10-05","Booking API","api/booking.spec.ts","",""
"","1597","a customer can complete a purchase end to end","mobile","2026-10-05","passed","2026-10-05","Checkout","ui/checkout.spec.ts","",""
"","2617","the cart starts empty","firefox","2026-10-05","passed","2026-10-05","Cart","ui/cart.spec.ts","",""
"","905","the order total is subtotal plus tax","chromium","2026-10-05","passed","2026-10-05","Checkout","ui/checkout.spec.ts","",""
"","18","PUT without a token returns 403","api","2026-10-05","passed","2026-10-05","Booking API","api/booking.spec.ts","",""
"","951","valid credentials log the user in","mobile","2026-10-05","passed","2026-10-05","Login","ui/login.spec.ts","",""
